CustomerID,Age,Gender,Income,Location,Membership,RegistrationDate,Tenure,TotalSpend,TotalTransactions,AverageOrderValue,PurchaseFrequency,LastPurchaseDays,PreferredCategory,WebsiteVisits,AppUsageMinutes,LoginFrequency,WishlistCount,CartAbandonmentRate,EmailOpenRate,MarketingClicks,SatisfactionScore,Rating,SupportCalls,Complaints,Reviews,CustomerHealthScore,ChurnRisk,CustomerLifetimeValue,NextPurchaseAmount,NextPurchaseDays,DiscountUsed,CouponUsed,ReferralCount,PaymentMethod,DeviceType,ReturnRate,LoyaltyPoints
CUST-1001,58,Male,75927,Seattle,Basic,2024-11-15,19.5,3171.2,16,198.2,0.82,53,Books,49,44,38,13,0.12,0.12,7,4,3.6,0,0,13,100,Low,5959.5,185.95,41,0,0,1,Apple Pay,Mobile,0.05,31712
CUST-1002,66,Male,40538,Los Angeles,Basic,2024-04-14,26.5,12463.47,69,180.63,2.6,310,Home & Kitchen,53,0,30,17,0.19,0.7,2,4,4.3,1,1,6,100,High,20844.34,204.44,6,37,5,2,Credit Card,Mobile,0.11,122784
CUST-1003,41,Male,99742,Philadelphia,Gold,2025-03-29,15.1,11819.42,34,347.63,2.25,350,Books,6,87,35,23,0.28,0.37,8,5,5.0,1,0,1,100,High,17037.61,327.34,7,17,2,0,BNPL (Klarna/Afterpay),Desktop,0.08,176441
CUST-1004,59,Female,52220,Austin,Basic,2023-11-05,31.8,3657.69,27,135.47,0.85,288,Sports & Outdoors,18,219,38,12,0.37,0.75,4,4,3.7,0,0,5,100,High,7580.91,158.07,35,12,9,5,BNPL (Klarna/Afterpay),Mobile,0.14,35976
CUST-1005,18,Female,70323,Los Angeles,Gold,2022-08-05,46.8,7877.67,111,70.97,2.37,329,Home & Kitchen,9,80,30,0,0.82,0.66,8,5,5.0,1,0,9,100,High,17058.4,84.22,13,47,10,0,BNPL (Klarna/Afterpay),Tablet,0.15,115815
CUST-1006,49,Male,82961,Philadelphia,Gold,2021-10-02,56.9,6169.62,62,99.51,1.09,124,Sports & Outdoors,7,0,32,2,0.83,0.42,4,2,2.0,1,0,13,87,High,14788.19,122.97,33,25,21,1,Debit Card,Desktop,0.11,91294
CUST-1007,33,Male,45023,Philadelphia,Silver,2026-04-19,2.4,156.3,2,78.15,0.83,29,Electronics,6,30,15,2,0.78,0.65,2,4,3.8,1,0,2,100,Low,1664.12,95.67,37,1,1,0,Credit Card,Desktop,0.09,1825
CUST-1008,44,Male,51151,Seattle,Silver,2026-02-11,4.6,2928.77,13,225.29,2.83,26,Electronics,27,409,7,7,0.24,0.43,4,3,2.8,0,2,7,100,Low,4709.44,264.31,13,0,0,3,PayPal,Mobile,0.12,35145
CUST-1009,31,Female,53023,New York,Basic,2025-06-29,12.1,6475.0,35,185.0,2.89,136,Beauty,20,374,36,21,0.64,0.16,9,3,2.6,2,0,10,89,High,9442.24,161.48,12,33,10,0,BNPL (Klarna/Afterpay),Mobile,0.05,63100
CUST-1010,56,Male,51794,Denver,Basic,2025-02-05,16.8,12307.42,47,261.86,2.8,292,Apparel,39,317,6,13,0.59,0.45,10,5,4.8,2,0,12,100,High,18115.02,236.29,13,4,0,0,BNPL (Klarna/Afterpay),Tablet,0.02,122874
CUST-1011,31,Female,51762,Chicago,Gold,2024-06-17,24.4,24022.7,65,369.58,2.66,190,Home & Kitchen,12,278,20,19,0.84,0.61,16,1,1.3,0,0,4,84,High,37494.24,353.24,7,26,22,0,Apple Pay,Mobile,0.06,359040
CUST-1012,21,Male,53259,San Antonio,Basic,2021-10-07,56.8,4920.44,28,175.73,0.49,67,Books,18,226,36,22,0.42,0.06,2,5,5.0,0,0,11,100,Medium,12242.96,190.32,58,9,5,2,Credit Card,Desktop,0.05,48754
CUST-1013,33,Female,83095,Philadelphia,Silver,2022-01-16,53.4,17018.43,143,119.01,2.68,318,Books,11,121,11,25,0.71,0.67,0,2,2.3,2,0,7,87,High,37256.43,113.86,14,9,7,0,Debit Card,Mobile,0.21,203771
CUST-1014,32,Male,126122,Austin,Gold,2025-05-02,14.0,7692.32,16,480.77,1.14,36,Home & Kitchen,24,204,44,17,0.35,0.07,28,5,4.7,5,0,3,100,Low,11435.91,523.38,20,13,9,5,Credit Card,Mobile,0.14,114734
CUST-1015,34,Male,81246,San Antonio,Silver,2026-05-29,1.1,475.22,2,237.61,1.82,13,Home & Kitchen,29,0,43,10,0.57,0.51,3,4,3.8,0,0,1,100,Low,1986.11,268.23,17,2,1,1,PayPal,Desktop,0.08,5602
CUST-1016,53,Female,42800,Phoenix,Basic,2024-10-22,20.3,3450.5,50,69.01,2.46,311,Books,22,226,44,6,0.48,0.61,30,4,3.7,0,0,10,100,High,6409.77,61.24,17,19,7,2,PayPal,Mobile,0.06,33555
CUST-1017,48,Female,54865,Miami,Basic,2026-01-03,5.9,4498.4,16,281.15,2.71,148,Apparel,47,253,26,7,0.21,0.53,28,4,4.2,0,0,5,100,High,6551.33,329.41,14,7,1,0,Debit Card,Desktop,0.25,44634
CUST-1018,56,Male,40127,Miami,Silver,2023-12-08,30.7,11595.5,70,165.65,2.28,259,Beauty,55,228,11,23,0.75,0.37,24,3,3.1,2,0,7,93,High,20406.79,159.0,8,34,21,0,BNPL (Klarna/Afterpay),Mobile,0.04,137446
CUST-1019,42,Female,50107,Seattle,Basic,2025-03-20,15.4,5163.5,23,224.5,1.49,278,Beauty,28,0,27,12,0.78,0.46,22,1,1.3,1,0,11,76,High,7960.12,217.64,11,13,8,1,BNPL (Klarna/Afterpay),Desktop,0.22,50985
CUST-1020,49,Male,77806,San Antonio,Basic,2023-09-11,33.6,14178.6,45,315.08,1.34,348,Beauty,48,239,9,19,0.5,0.68,18,4,3.6,1,0,14,100,High,25603.62,290.72,19,29,10,0,Debit Card,Mobile,0.24,140336
CUST-1021,44,Male,46537,Los Angeles,Basic,2023-10-12,32.6,8587.2,60,143.12,1.84,180,Apparel,43,0,42,1,0.67,0.71,6,5,5.0,0,0,3,100,High,15919.34,153.94,8,49,23,0,BNPL (Klarna/Afterpay),Tablet,0.18,83422
CUST-1022,67,Female,31820,Phoenix,Silver,2025-10-23,8.2,5257.11,23,228.57,2.8,148,Books,60,203,13,2,0.54,0.63,7,2,2.2,3,0,3,81,High,7370.2,267.08,11,17,13,1,Credit Card,Mobile,0.09,62235
CUST-1023,44,Female,40660,Los Angeles,Platinum,2023-12-27,30.1,5263.8,62,84.9,2.06,236,Books,11,375,34,20,0.3,0.62,17,4,4.0,3,0,10,100,High,10064.64,101.09,19,29,18,1,Debit Card,Mobile,0.12,103826
CUST-1024,38,Male,83365,Houston,Silver,2024-06-05,24.8,8416.65,33,255.05,1.33,306,Books,58,5,34,6,0.16,0.55,15,4,3.8,1,1,14,100,High,14265.25,297.69,18,15,9,1,Apple Pay,Mobile,0.13,100249
CUST-1025,45,Non-Binary,72955,Dallas,Basic,2024-07-24,23.2,5587.0,37,151.0,1.59,157,Home & Kitchen,16,0,13,10,0.19,0.43,24,4,3.8,2,0,9,100,High,9787.38,187.57,23,23,5,0,BNPL (Klarna/Afterpay),Mobile,0.01,54720
CUST-1026,21,Female,97899,Seattle,Silver,2025-09-16,9.5,6294.42,22,286.11,2.32,53,Electronics,38,245,29,10,0.24,0.09,30,5,4.7,0,0,1,100,Low,9040.19,260.56,8,17,13,1,BNPL (Klarna/Afterpay),Mobile,0.13,74683
CUST-1027,46,Female,24000,Phoenix,Silver,2021-08-05,58.8,17199.4,92,186.95,1.56,292,Sports & Outdoors,5,378,7,24,0.26,0.2,21,2,1.8,1,0,13,83,High,39513.66,192.6,20,29,9,1,Debit Card,Mobile,0.06,204942
CUST-1028,34,Female,33787,Austin,Silver,2023-02-10,40.6,26246.45,115,228.23,2.83,218,Electronics,36,76,18,4,0.15,0.17,9,4,4.3,4,0,14,91,High,49811.57,256.87,11,10,9,0,Debit Card,Desktop,0.15,314457
CUST-1029,19,Male,60167,Austin,Gold,2021-09-23,57.2,24590.72,112,219.56,1.96,11,Books,54,20,12,15,0.49,0.36,8,2,2.1,1,0,2,100,Low,55394.66,227.9,14,13,13,0,Debit Card,Desktop,0.07,368210
CUST-1030,43,Female,47636,Dallas,Basic,2026-03-18,3.4,927.76,4,231.94,1.18,42,Electronics,51,263,1,21,0.75,0.37,1,2,1.9,2,0,0,100,Low,2493.48,216.03,31,3,3,0,BNPL (Klarna/Afterpay),Desktop,0.18,9127
CUST-1031,37,Female,47213,Dallas,Basic,2024-02-17,28.4,11000.64,84,130.96,2.96,59,Beauty,9,78,32,22,0.32,0.54,13,5,5.0,0,0,12,100,Low,19009.35,121.3,13,17,2,0,Debit Card,Mobile,0.2,109156
CUST-1032,35,Female,76031,Phoenix,Basic,2022-05-07,49.8,33613.41,97,346.53,1.95,338,Beauty,57,0,35,15,0.36,0.44,17,3,3.3,3,3,7,59,High,69372.32,373.81,5,5,2,1,Debit Card,Mobile,0.17,335884
CUST-1033,70,Female,53345,Chicago,Platinum,2023-08-22,34.3,5983.47,27,221.61,0.79,303,Home & Kitchen,57,0,29,3,0.49,0.37,23,2,2.3,5,0,8,66,High,11249.16,218.38,43,27,10,2,BNPL (Klarna/Afterpay),Mobile,0.08,118319
CUST-1034,63,Female,95180,San Diego,Basic,2023-05-20,37.4,6538.5,25,261.54,0.67,324,Books,60,116,6,13,0.83,0.58,22,5,5.0,2,2,1,100,High,13133.08,256.24,39,13,2,0,Debit Card,Desktop,0.2,64735
CUST-1035,28,Male,49554,San Jose,Silver,2024-04-09,26.7,4229.65,29,145.85,1.09,299,Apparel,16,130,30,8,0.6,0.68,14,5,5.0,0,0,11,100,High,8082.39,181.59,31,9,3,5,Debit Card,Mobile,0.1,50305
CUST-1036,40,Female,93022,Seattle,Basic,2024-10-05,20.8,10986.37,53,207.29,2.55,203,Home & Kitchen,2,351,4,19,0.66,0.63,28,3,3.2,1,0,6,100,High,17247.13,227.68,17,42,8,1,Credit Card,Mobile,0.11,107763
CUST-1037,55,Male,65112,Chicago,Gold,2025-11-29,7.0,1568.16,9,174.24,1.29,107,Apparel,14,0,35,11,0.5,0.69,26,2,2.3,4,2,4,57,Medium,2651.85,200.14,22,1,0,1,PayPal,Desktop,0.18,23472
CUST-1038,43,Non-Binary,56298,Miami,Basic,2023-04-17,38.5,14987.2,95,157.76,2.47,8,Home & Kitchen,36,0,24,21,0.66,0.23,12,5,5.0,0,0,0,100,Low,28508.18,173.19,18,78,28,1,Debit Card,Tablet,0.08,145972
CUST-1039,44,Male,61451,New York,Basic,2026-03-17,3.5,1359.06,6,226.51,1.71,13,Apparel,58,198,30,11,0.6,0.57,30,4,4.1,2,1,5,100,Low,2958.16,201.51,17,2,0,1,PayPal,Mobile,0.24,13490
CUST-1040,41,Male,44252,Austin,Silver,2024-05-10,25.7,21903.75,75,292.05,2.92,184,Electronics,27,62,30,2,0.6,0.5,19,5,4.6,0,3,6,100,High,35131.38,256.26,13,27,26,2,Apple Pay,Desktop,0.2,261495
CUST-1041,56,Male,24000,Denver,Platinum,2025-08-09,10.7,2452.33,19,129.07,1.78,90,Electronics,44,67,1,11,0.69,0.22,10,1,1.0,0,0,3,80,Medium,4199.0,148.21,16,16,3,0,PayPal,Tablet,0.01,48246
CUST-1042,68,Female,67251,Austin,Basic,2023-06-30,36.0,12066.75,75,160.89,2.08,16,Electronics,32,218,44,3,0.47,0.69,2,5,4.9,0,0,10,100,Low,22616.81,161.27,16,64,55,0,Credit Card,Desktop,0.16,117467
CUST-1043,67,Female,60768,Denver,Basic,2025-03-18,15.4,8828.12,41,215.32,2.66,212,Home & Kitchen,54,212,7,10,0.42,0.52,11,5,5.0,1,0,2,100,High,13160.48,191.05,17,37,35,0,Credit Card,Mobile,0.22,86431
CUST-1044,66,Male,72476,Seattle,Platinum,2026-02-16,4.4,1642.96,8,205.37,1.82,91,Electronics,38,79,43,15,0.27,0.13,27,4,3.7,0,0,6,100,Medium,3293.56,243.99,19,0,0,0,Apple Pay,Desktop,0.08,32859
CUST-1045,39,Male,90142,Chicago,Silver,2025-08-12,10.6,4869.75,15,324.65,1.42,73,Books,42,46,34,6,0.38,0.37,5,3,3.2,2,0,2,100,Medium,7445.15,390.66,20,14,6,0,BNPL (Klarna/Afterpay),Mobile,0.11,57737
CUST-1046,36,Female,47359,San Jose,Silver,2023-09-09,33.7,12535.74,42,298.47,1.25,113,Beauty,40,0,14,9,0.81,0.59,24,3,2.9,0,1,5,97,Medium,22791.87,269.12,24,35,22,0,Credit Card,Mobile,0.11,148678
CUST-1047,22,Female,77910,San Jose,Silver,2024-01-04,29.9,34428.62,67,513.86,2.24,214,Home & Kitchen,9,166,11,25,0.81,0.37,22,5,4.7,3,0,12,100,High,57374.78,544.48,12,43,14,0,PayPal,Mobile,0.16,410993
CUST-1048,51,Female,54144,Miami,Basic,2024-06-16,24.5,18533.2,70,264.76,2.86,331,Apparel,17,0,17,6,0.23,0.16,24,4,3.7,2,0,14,100,High,29492.85,297.18,20,41,40,0,Debit Card,Mobile,0.11,183282
CUST-1049,37,Female,67192,San Jose,Basic,2026-02-06,4.8,465.69,3,155.23,0.62,119,Beauty,4,0,19,2,0.58,0.73,2,4,4.0,1,0,0,100,Medium,2012.26,159.87,56,2,2,0,PayPal,Tablet,0.11,4556
CUST-1050,69,Female,65201,Philadelphia,Basic,2022-05-31,49.0,16853.89,103,163.63,2.1,21,Apparel,47,224,34,16,0.56,0.3,29,3,2.9,0,0,10,100,Low,35558.9,143.4,8,84,77,2,Apple Pay,Mobile,0.17,164338
CUST-1051,40,Male,41629,Austin,Silver,2022-07-02,48.0,7618.26,39,195.34,0.81,363,Electronics,21,329,22,4,0.6,0.63,23,5,5.0,0,0,11,100,High,16736.52,167.46,31,12,3,5,PayPal,Mobile,0.21,90819
CUST-1052,24,Female,78652,Dallas,Silver,2021-09-25,57.2,20601.03,103,200.01,1.8,339,Home & Kitchen,58,67,39,12,0.22,0.18,22,4,4.2,0,0,13,100,High,46650.59,199.15,20,100,57,0,PayPal,Mobile,0.2,242212
CUST-1053,48,Female,47768,Houston,Silver,2024-05-09,25.7,7049.63,49,143.87,1.91,226,Beauty,51,195,33,16,0.41,0.16,6,5,4.7,0,0,11,100,High,12324.12,154.2,20,48,10,0,BNPL (Klarna/Afterpay),Mobile,0.11,82195
CUST-1054,32,Female,57151,Philadelphia,Basic,2026-04-08,2.8,933.16,4,233.29,1.43,48,Apparel,26,191,15,0,0.34,0.12,22,4,4.2,0,0,3,100,Low,2487.59,263.25,10,3,0,3,Credit Card,Mobile,0.21,9181
CUST-1055,53,Female,70004,San Jose,Basic,2023-06-17,36.5,31232.77,89,350.93,2.44,122,Home & Kitchen,9,0,27,20,0.7,0.37,3,5,5.0,1,0,7,100,High,56482.69,399.15,9,23,21,1,BNPL (Klarna/Afterpay),Tablet,0.02,311177
CUST-1056,51,Female,57861,Miami,Silver,2023-07-28,35.1,8487.42,51,166.42,1.45,241,Electronics,42,191,17,23,0.11,0.6,11,3,3.1,0,0,10,100,High,16193.85,150.34,19,41,11,2,Debit Card,Tablet,0.12,99799
CUST-1057,29,Female,70717,Los Angeles,Silver,2022-05-27,49.1,22892.8,80,286.16,1.63,151,Apparel,4,21,21,9,0.49,0.74,17,4,3.6,1,0,1,100,High,47810.23,342.34,17,47,27,2,Debit Card,Desktop,0.1,272363
CUST-1058,29,Female,93586,San Diego,Platinum,2024-05-10,25.7,7142.42,46,155.27,1.79,43,Books,29,0,39,5,0.51,0.27,2,3,2.8,1,1,5,100,Low,12466.59,174.82,15,22,19,5,Apple Pay,Desktop,0.2,141748
CUST-1059,21,Male,70510,Austin,Basic,2024-02-21,28.3,16614.5,70,237.35,2.47,348,Apparel,3,0,39,21,0.69,0.07,2,3,3.1,0,2,1,77,High,27565.13,259.2,8,17,16,0,Apple Pay,Desktop,0.06,165295
CUST-1060,25,Male,69978,Chicago,Silver,2023-08-14,34.6,28062.72,96,292.32,2.77,61,Home & Kitchen,51,228,14,19,0.31,0.69,15,3,2.7,0,0,14,100,Medium,49791.26,365.08,15,37,19,2,PayPal,Desktop,0.13,334902
CUST-1061,25,Non-Binary,71447,Miami,Basic,2025-08-21,10.3,2448.68,17,144.04,1.65,185,Sports & Outdoors,38,411,36,4,0.56,0.11,9,3,3.2,1,0,13,93,High,4369.13,169.87,20,16,11,0,BNPL (Klarna/Afterpay),Desktop,0.05,23686
CUST-1062,26,Male,68846,Denver,Gold,2026-02-08,4.7,859.2,8,107.4,1.7,78,Apparel,12,363,15,11,0.81,0.41,9,5,4.8,1,0,2,100,Medium,2443.33,118.14,19,2,2,3,PayPal,Mobile,0.16,12788
CUST-1063,56,Male,38791,San Jose,Gold,2026-03-09,3.7,410.54,2,205.27,0.54,6,Books,51,333,14,24,0.53,0.48,0,4,4.1,0,2,1,100,Low,1942.19,194.59,60,1,0,1,PayPal,Mobile,0.12,6108
CUST-1064,31,Male,48474,Chicago,Gold,2024-08-30,22.0,2658.6,28,94.95,1.27,177,Beauty,10,263,36,3,0.34,0.38,8,3,2.7,0,2,13,83,High,5122.12,90.14,27,10,9,1,PayPal,Desktop,0.12,39379
CUST-1065,50,Male,86194,Phoenix,Basic,2023-08-18,34.4,26821.62,98,273.69,2.85,259,Beauty,17,180,4,1,0.31,0.47,26,4,4.0,1,1,13,100,High,47543.78,247.3,7,51,23,0,Credit Card,Desktop,0.05,265666
CUST-1066,53,Male,45911,San Antonio,Basic,2023-08-04,34.9,11448.45,65,176.13,1.86,320,Books,41,0,7,12,0.38,0.74,17,5,5.0,0,0,1,100,High,21272.43,152.9,11,60,33,0,BNPL (Klarna/Afterpay),Desktop,0.03,111484
CUST-1067,57,Male,45430,San Antonio,Silver,2022-12-17,42.4,5696.08,52,109.54,1.23,173,Sports & Outdoors,55,250,37,9,0.46,0.06,10,4,4.4,1,1,0,94,High,12137.62,119.26,19,49,37,0,Credit Card,Desktop,0.04,65902
CUST-1068,58,Female,84330,Miami,Basic,2021-09-13,57.6,29476.44,147,200.52,2.55,125,Electronics,38,56,13,0,0.43,0.34,13,4,3.9,2,2,1,84,High,66108.17,227.05,12,122,67,0,PayPal,Mobile,0.13,288664
CUST-1069,52,Male,65286,Miami,Silver,2022-05-17,49.5,44346.12,124,357.63,2.51,136,Sports & Outdoors,32,126,18,17,0.32,0.71,9,4,4.2,2,0,15,100,High,91578.06,353.88,10,86,69,0,Debit Card,Desktop,0.24,527853
CUST-1070,69,Male,34059,New York,Platinum,2024-10-20,20.3,2015.86,14,143.99,0.69,227,Books,18,109,13,17,0.3,0.44,8,2,2.1,1,0,10,87,High,4173.4,174.53,40,1,1,0,Debit Card,Mobile,0.19,40267
CUST-1071,18,Non-Binary,41440,Chicago,Silver,2024-02-19,28.4,14875.48,76,195.73,2.68,244,Beauty,43,147,21,9,0.58,0.69,2,4,3.8,2,1,1,100,High,25176.81,237.87,18,63,23,3,Apple Pay,Desktop,0.0,175355
CUST-1072,54,Female,62269,Philadelphia,Basic,2024-10-27,20.1,11050.62,42,263.11,2.09,269,Beauty,58,435,33,14,0.3,0.62,10,2,2.0,0,0,10,96,High,17118.07,306.87,17,11,9,2,Debit Card,Desktop,0.13,109956
CUST-1073,23,Male,46370,Los Angeles,Platinum,2025-05-19,13.4,1637.68,22,74.44,1.64,128,Electronics,18,228,18,10,0.33,0.56,0,3,2.9,0,0,14,100,High,3594.87,72.41,17,22,9,1,Apple Pay,Mobile,0.06,31653
CUST-1074,26,Male,44626,San Diego,Platinum,2022-03-23,51.3,9276.84,73,127.08,1.42,360,Sports & Outdoors,60,275,43,6,0.67,0.53,19,5,4.7,1,1,2,100,High,20691.46,154.64,25,68,19,0,BNPL (Klarna/Afterpay),Mobile,0.17,182136
CUST-1075,63,Female,68809,Los Angeles,Basic,2023-07-22,35.3,5242.16,22,238.28,0.62,68,Sports & Outdoors,28,29,36,14,0.6,0.27,0,3,3.3,2,0,1,100,Medium,10597.33,242.92,52,1,0,5,Debit Card,Mobile,0.1,52371
CUST-1076,67,Male,70080,Austin,Silver,2022-04-30,50.0,10444.28,77,135.64,1.54,196,Beauty,57,193,25,2,0.61,0.51,17,2,2.3,0,3,12,64,High,22283.74,143.99,22,0,0,4,Debit Card,Desktop,0.14,125331
CUST-1077,52,Male,66280,Houston,Basic,2025-01-11,17.6,1646.4,15,109.76,0.85,97,Books,50,0,43,13,0.56,0.71,28,1,1.0,0,0,1,87,Medium,3555.08,104.04,28,6,6,2,Credit Card,Mobile,0.25,16164
CUST-1078,32,Female,84193,Seattle,Basic,2023-03-10,39.7,27983.38,79,354.22,1.99,345,Home & Kitchen,17,73,43,16,0.27,0.26,1,4,4.1,2,0,13,100,High,52627.97,379.84,9,48,33,0,Debit Card,Mobile,0.07,277433
CUST-1079,29,Female,34691,San Diego,Gold,2025-01-24,17.2,1935.36,21,92.16,1.22,363,Apparel,53,29,36,13,0.83,0.44,4,3,2.8,0,0,14,100,High,4128.86,109.56,21,21,19,1,Credit Card,Mobile,0.19,27980
CUST-1080,64,Female,71697,Houston,Basic,2023-09-24,33.2,20950.93,91,230.23,2.74,156,Electronics,15,379,8,23,0.85,0.39,7,4,4.2,0,0,10,100,High,36941.99,267.11,9,45,19,0,BNPL (Klarna/Afterpay),Desktop,0.12,207259
CUST-1081,69,Non-Binary,76331,San Diego,Gold,2022-02-23,52.2,53851.55,145,371.39,2.78,190,Home & Kitchen,28,0,15,23,0.21,0.23,29,4,4.2,0,0,7,100,High,113915.11,372.11,17,86,32,1,Debit Card,Tablet,0.16,803473
CUST-1082,49,Male,86740,Seattle,Basic,2021-12-16,54.5,9040.84,46,196.54,0.84,280,Beauty,13,277,42,1,0.49,0.64,2,5,5.0,2,0,7,100,High,20805.96,172.4,32,29,11,0,BNPL (Klarna/Afterpay),Tablet,0.16,88958
CUST-1083,19,Male,81697,Dallas,Basic,2024-02-10,28.6,12359.88,52,237.69,1.82,141,Sports & Outdoors,20,0,45,21,0.42,0.71,5,2,1.7,0,0,8,98,High,21194.31,279.54,13,23,12,0,PayPal,Tablet,0.06,122448
CUST-1084,61,Female,46169,Los Angeles,Platinum,2022-10-02,44.9,39218.85,95,412.83,2.12,17,Electronics,27,282,31,1,0.58,0.54,2,4,3.9,2,0,3,100,Low,77404.82,498.66,19,88,72,0,Credit Card,Tablet,0.17,779977
CUST-1085,35,Female,24000,San Jose,Basic,2022-09-23,45.2,13609.32,127,107.16,2.81,162,Electronics,15,385,26,2,0.32,0.44,18,5,4.9,3,0,4,100,High,27924.76,124.97,12,88,6,0,PayPal,Desktop,0.09,131693
CUST-1086,67,Female,66764,San Jose,Platinum,2024-03-11,27.7,5658.12,36,157.17,1.3,325,Home & Kitchen,52,251,15,11,0.51,0.31,5,4,4.1,0,0,7,100,High,10423.33,178.43,28,24,10,0,Credit Card,Mobile,0.08,111962
CUST-1087,41,Female,88956,Los Angeles,Basic,2025-09-03,9.9,6639.15,15,442.61,1.52,286,Sports & Outdoors,34,13,6,11,0.52,0.47,25,3,2.9,0,0,2,100,High,9508.47,504.55,15,12,2,0,Apple Pay,Mobile,0.04,65791
CUST-1088,28,Male,67828,San Antonio,Basic,2024-09-26,21.1,1944.74,14,138.91,0.66,129,Apparel,48,304,40,6,0.44,0.14,0,5,4.9,1,1,5,100,High,4299.62,142.53,42,10,9,0,Apple Pay,Desktop,0.17,18947
CUST-1089,48,Male,69762,San Antonio,Basic,2024-08-17,22.4,25874.0,50,517.48,2.23,252,Sports & Outdoors,52,192,18,25,0.39,0.13,18,2,2.4,0,1,0,76,High,39088.53,637.12,12,28,25,0,Credit Card,Desktop,0.2,257340
CUST-1090,44,Female,105555,Chicago,Gold,2022-11-12,43.6,4100.81,49,83.69,1.12,79,Books,29,37,29,19,0.46,0.33,16,5,5.0,1,0,11,100,Medium,9325.71,94.62,33,5,0,1,Apple Pay,Mobile,0.15,61262
CUST-1091,54,Non-Binary,69101,Austin,Basic,2022-10-16,44.5,17038.35,105,162.27,2.36,221,Electronics,2,0,15,16,0.66,0.44,22,4,4.0,0,1,4,100,High,34334.32,160.32,8,58,50,0,Debit Card,Mobile,0.02,167483
CUST-1092,64,Female,28279,Philadelphia,Basic,2026-01-15,5.5,2235.87,13,171.99,2.36,30,Electronics,56,55,44,25,0.22,0.74,7,4,4.0,0,0,7,100,Low,3992.06,162.14,12,10,10,0,Credit Card,Desktop,0.22,21858
CUST-1093,46,Female,84046,San Antonio,Silver,2026-05-23,1.3,191.16,1,191.16,0.77,5,Sports & Outdoors,8,274,12,11,0.34,0.37,8,4,4.0,5,0,1,100,Low,1696.34,209.23,40,1,0,2,Apple Pay,Tablet,0.15,2243
CUST-1094,61,Male,58007,Los Angeles,Basic,2025-01-29,17.0,6050.56,16,378.16,0.94,356,Apparel,34,305,9,18,0.39,0.18,20,4,4.3,4,0,5,91,High,9558.47,395.5,27,14,9,0,Apple Pay,Tablet,0.12,59805
CUST-1095,30,Female,73909,Dallas,Silver,2023-08-01,35.0,13082.52,53,246.84,1.51,252,Beauty,47,250,11,2,0.52,0.61,7,3,2.8,1,0,14,100,High,24121.86,265.66,24,32,7,0,Apple Pay,Desktop,0.21,155390
CUST-1096,41,Female,101329,Miami,Silver,2026-03-08,3.8,675.6,6,112.6,1.58,28,Beauty,8,334,16,9,0.76,0.07,8,3,3.3,1,3,6,91,Low,2094.09,132.28,10,5,2,2,BNPL (Klarna/Afterpay),Desktop,0.04,7857
CUST-1097,26,Female,54346,Denver,Gold,2025-04-04,14.9,4452.84,28,159.03,1.88,273,Home & Kitchen,40,165,19,9,0.53,0.72,16,5,5.0,0,2,13,100,High,7335.08,193.62,9,26,7,1,Debit Card,Mobile,0.14,65492
CUST-1098,35,Female,106184,San Antonio,Basic,2023-11-19,31.4,2518.62,78,32.29,2.48,48,Beauty,34,355,24,14,0.81,0.28,0,5,5.0,0,3,11,100,Low,5666.22,38.43,16,54,52,0,Apple Pay,Mobile,0.07,22486
CUST-1099,53,Female,42463,San Jose,Basic,2021-08-21,58.3,4175.94,79,52.86,1.36,350,Electronics,4,0,30,0,0.19,0.65,14,4,4.4,1,3,4,86,High,10537.97,63.58,9,35,5,1,Apple Pay,Mobile,0.17,40009
CUST-1100,59,Male,36395,San Antonio,Basic,2022-11-28,43.1,11657.28,96,121.43,2.23,120,Beauty,43,0,7,0,0.26,0.1,18,3,3.1,0,0,3,98,Medium,23594.55,151.21,13,9,3,0,Credit Card,Mobile,0.09,116122
CUST-1101,37,Male,67876,Miami,Silver,2021-11-09,55.7,9400.1,46,204.35,0.83,347,Apparel,6,4,40,20,0.22,0.3,6,4,3.7,1,0,6,100,High,21808.13,180.78,37,27,10,1,PayPal,Mobile,0.02,111451
CUST-1102,53,Female,116655,Seattle,Silver,2023-01-04,41.9,19980.1,119,167.9,2.84,14,Books,58,265,39,16,0.24,0.32,20,1,1.3,5,0,3,87,Low,38726.06,158.91,12,113,1,5,Apple Pay,Mobile,0.22,234111
CUST-1103,54,Male,75166,Dallas,Basic,2022-08-03,46.9,14910.48,78,191.16,1.66,38,Electronics,39,0,17,6,0.13,0.09,25,3,2.8,2,1,13,100,Low,30979.26,216.15,10,78,19,0,Apple Pay,Mobile,0.23,145204
CUST-1104,69,Male,66339,Philadelphia,Silver,2024-03-23,27.3,13457.6,65,207.04,2.38,333,Books,43,0,45,13,0.65,0.64,1,3,3.3,0,0,1,100,High,22611.61,201.6,21,15,0,1,Credit Card,Mobile,0.24,160741
CUST-1105,51,Female,79566,Denver,Basic,2022-05-17,49.5,11267.2,70,160.96,1.41,138,Books,58,0,2,10,0.71,0.24,2,3,3.4,1,0,11,95,High,24311.5,140.39,25,20,8,1,BNPL (Klarna/Afterpay),Desktop,0.03,111672
CUST-1106,65,Female,111448,New York,Platinum,2021-08-08,58.7,16145.35,65,248.39,1.11,242,Home & Kitchen,26,91,3,17,0.7,0.55,20,3,2.9,1,1,8,92,High,37269.77,293.2,28,6,1,0,BNPL (Klarna/Afterpay),Tablet,0.24,322607
CUST-1107,22,Female,77942,Denver,Silver,2024-10-31,20.0,4245.0,25,169.8,1.25,45,Sports & Outdoors,31,0,13,9,0.52,0.26,19,3,2.9,5,3,6,68,Medium,7033.75,194.08,26,4,0,3,Credit Card,Mobile,0.09,50740
CUST-1108,62,Female,69567,Philadelphia,Silver,2026-05-30,1.1,151.41,1,151.41,0.91,20,Electronics,15,121,27,15,0.82,0.73,4,4,3.7,4,1,1,100,Low,1654.88,171.14,25,1,0,0,Apple Pay,Desktop,0.23,1766
CUST-1109,43,Female,83691,Seattle,Basic,2024-08-02,22.9,9104.4,27,337.2,1.18,39,Apparel,10,299,7,4,0.18,0.36,10,3,3.0,5,0,9,100,Low,14947.96,349.12,29,22,22,1,PayPal,Desktop,0.08,89944
CUST-1110,23,Female,96956,Philadelphia,Gold,2024-03-12,27.6,20881.8,60,348.03,2.17,134,Apparel,3,437,29,17,0.66,0.22,14,2,2.2,0,0,7,88,High,34208.83,314.02,18,40,5,0,Apple Pay,Tablet,0.02,311227
CUST-1111,22,Male,78851,Austin,Gold,2023-12-06,30.8,6071.78,22,275.99,0.71,170,Electronics,4,25,11,18,0.42,0.56,15,1,1.1,0,0,5,83,High,11212.84,264.95,42,19,19,1,Apple Pay,Mobile,0.22,90126
CUST-1112,48,Male,49377,Phoenix,Basic,2024-04-08,26.7,4381.0,26,168.5,0.97,270,Apparel,42,278,2,12,0.69,0.3,17,4,3.9,1,0,8,100,High,8317.93,155.34,29,25,24,0,Debit Card,Mobile,0.19,42560
CUST-1113,32,Non-Binary,67581,Los Angeles,Silver,2025-01-10,17.6,2862.2,20,143.11,1.14,29,Apparel,38,408,25,11,0.8,0.74,5,2,2.1,3,0,0,100,Low,5411.67,161.91,23,4,4,3,Debit Card,Mobile,0.04,34146
CUST-1114,20,Male,90562,Houston,Silver,2023-01-16,41.5,15854.25,75,211.39,1.81,1,Home & Kitchen,60,412,9,10,0.64,0.69,27,5,4.6,0,1,4,100,Low,31061.57,245.16,23,50,37,0,Apple Pay,Mobile,0.24,187751
CUST-1115,64,Female,89173,Miami,Platinum,2022-10-31,44.0,17756.49,93,190.93,2.11,90,Books,37,314,23,7,0.6,0.62,12,3,3.2,0,1,12,100,Medium,35533.27,227.26,20,23,19,0,BNPL (Klarna/Afterpay),Mobile,0.14,353979
CUST-1116,49,Male,70755,Seattle,Basic,2025-12-24,6.2,6349.32,18,352.74,2.9,43,Books,58,420,43,20,0.65,0.29,0,3,2.8,0,0,3,100,Low,8669.44,401.48,3,13,2,2,Debit Card,Desktop,0.09,62843
CUST-1117,42,Male,65462,San Diego,Gold,2021-12-29,54.0,19874.76,114,174.34,2.11,352,Apparel,12,409,3,9,0.12,0.23,3,1,1.0,0,1,2,66,High,43223.86,171.76,17,83,21,1,Debit Card,Mobile,0.03,293971
CUST-1118,31,Non-Binary,83787,San Antonio,Silver,2022-07-05,47.9,34697.96,134,258.94,2.8,277,Home & Kitchen,44,121,7,1,0.39,0.43,15,2,1.9,1,0,15,87,High,70628.63,240.78,9,29,9,1,Debit Card,Mobile,0.17,414925
CUST-1119,23,Female,62136,San Antonio,Basic,2025-05-19,13.4,7840.92,19,412.68,1.42,96,Beauty,4,238,17,7,0.73,0.44,4,4,4.1,0,0,13,100,Medium,11529.84,511.01,23,12,8,0,BNPL (Klarna/Afterpay),Desktop,0.23,77809
CUST-1120,54,Female,88434,San Diego,Basic,2024-09-27,21.1,8073.6,58,139.2,2.75,18,Sports & Outdoors,38,409,37,21,0.84,0.15,30,4,3.7,6,3,6,83,Low,12867.62,125.35,17,16,10,3,Credit Card,Mobile,0.14,79936
CUST-1121,53,Male,38287,Phoenix,Basic,2023-07-03,35.9,20561.28,96,214.18,2.67,359,Sports & Outdoors,39,214,8,13,0.21,0.45,18,4,4.4,4,0,3,97,High,37394.4,249.37,16,83,62,0,Debit Card,Mobile,0.07,201462
CUST-1122,27,Female,79675,Austin,Basic,2022-07-12,47.6,15122.8,70,216.04,1.47,170,Books,17,0,31,8,0.77,0.06,26,4,3.8,3,1,3,84,High,31379.58,267.67,17,56,49,2,Apple Pay,Desktop,0.15,148428
CUST-1123,23,Male,45260,Houston,Basic,2021-10-18,56.4,4888.32,96,50.92,1.7,265,Home & Kitchen,54,0,11,2,0.33,0.4,4,4,4.0,1,0,6,100,High,12132.1,60.33,14,46,45,0,Apple Pay,Desktop,0.13,46583
CUST-1124,58,Female,103949,Austin,Basic,2026-03-31,3.0,847.3,5,169.46,1.67,58,Apparel,57,282,23,11,0.22,0.68,23,5,4.7,0,0,4,100,Low,2400.26,196.9,15,1,0,0,Debit Card,Mobile,0.22,8423
CUST-1125,67,Female,57929,San Diego,Silver,2025-09-04,9.9,4572.54,19,240.66,1.92,5,Apparel,18,156,42,8,0.42,0.31,11,4,3.8,0,0,12,100,Low,7015.63,260.83,17,9,4,1,Debit Card,Mobile,0.25,54420
CUST-1126,58,Male,94873,Phoenix,Gold,2024-12-14,18.5,14271.84,53,269.28,2.86,334,Home & Kitchen,14,0,16,1,0.7,0.61,19,3,2.9,0,0,15,100,High,21272.44,336.33,7,24,23,0,BNPL (Klarna/Afterpay),Desktop,0.09,212877
CUST-1127,63,Male,53847,Dallas,Silver,2022-11-02,43.9,27467.0,121,227.0,2.76,344,Home & Kitchen,34,87,43,17,0.24,0.12,4,4,4.2,1,2,10,85,High,53862.86,252.37,8,111,39,0,Apple Pay,Mobile,0.15,324054
CUST-1128,47,Female,84195,San Diego,Gold,2026-02-12,4.6,945.36,9,105.04,1.96,19,Beauty,58,61,44,12,0.5,0.34,27,5,4.7,0,0,9,100,Low,2535.96,126.8,19,1,1,0,PayPal,Mobile,0.01,14130
CUST-1129,46,Male,34035,Miami,Basic,2022-01-29,53.0,13430.25,127,105.75,2.4,251,Electronics,10,324,28,12,0.42,0.38,0,1,1.0,0,0,10,79,High,29444.48,121.9,13,1,0,0,Apple Pay,Mobile,0.03,134252
CUST-1130,50,Female,94922,Chicago,Gold,2026-01-19,5.4,1664.16,6,277.36,1.11,75,Beauty,48,268,22,13,0.77,0.75,10,5,5.0,2,0,6,100,Medium,3351.38,280.51,18,1,0,1,BNPL (Klarna/Afterpay),Mobile,0.03,24912
CUST-1131,63,Female,97457,New York,Platinum,2024-04-24,26.2,6154.67,29,212.23,1.11,274,Sports & Outdoors,5,24,43,3,0.59,0.06,22,2,2.0,0,0,4,85,High,10789.09,197.84,26,16,8,1,PayPal,Mobile,0.22,122293
CUST-1132,50,Female,64899,Los Angeles,Basic,2024-10-31,20.0,3371.7,15,224.78,0.75,102,Sports & Outdoors,14,425,34,6,0.37,0.34,5,1,1.0,0,2,10,58,Medium,5646.57,212.15,32,15,4,3,BNPL (Klarna/Afterpay),Mobile,0.18,32967
CUST-1133,34,Female,46800,San Diego,Basic,2024-10-03,20.9,2690.74,13,206.98,0.62,90,Electronics,56,410,44,10,0.42,0.13,27,4,3.6,3,0,2,99,Medium,5347.33,203.14,41,5,2,0,Debit Card,Mobile,0.11,26657
CUST-1134,42,Female,66955,San Diego,Basic,2021-12-06,54.8,39594.44,148,267.53,2.7,86,Electronics,10,30,11,3,0.41,0.46,25,4,4.0,1,1,0,100,Medium,86298.09,319.71,18,124,14,2,Debit Card,Mobile,0.07,389744
CUST-1135,38,Male,56173,Denver,Silver,2022-08-13,46.6,20339.4,109,186.6,2.34,290,Apparel,44,265,34,22,0.63,0.12,21,4,4.0,2,0,4,100,High,41585.57,221.24,6,30,10,4,Credit Card,Mobile,0.14,242572
CUST-1136,42,Male,86637,Houston,Basic,2025-12-22,6.3,3578.55,15,238.57,2.38,115,Electronics,56,161,8,15,0.66,0.06,12,3,3.0,0,0,9,97,Medium,5503.23,287.73,14,14,5,0,Credit Card,Desktop,0.21,35085
CUST-1137,39,Female,47993,San Jose,Basic,2023-01-20,41.3,36465.44,88,414.38,2.13,232,Electronics,8,113,1,10,0.37,0.49,25,3,3.0,2,0,5,95,High,69265.91,433.84,25,52,6,0,PayPal,Mobile,0.23,362054
CUST-1138,43,Male,73936,Denver,Basic,2022-01-13,53.5,34977.44,71,492.64,1.33,213,Electronics,42,301,8,24,0.77,0.37,18,5,4.7,1,0,1,100,High,75462.71,527.76,21,65,22,1,PayPal,Desktop,0.03,346524
CUST-1139,42,Female,48118,San Jose,Silver,2024-08-11,22.6,5269.77,33,159.69,1.46,312,Books,50,203,22,9,0.44,0.14,13,4,4.3,1,1,10,95,High,9175.95,181.21,14,18,11,3,PayPal,Tablet,0.16,62337
CUST-1140,29,Female,86478,Seattle,Basic,2022-11-05,43.8,5108.84,34,150.26,0.78,181,Sports & Outdoors,32,341,27,21,0.66,0.64,9,5,4.9,0,0,12,100,High,11270.66,136.46,40,10,4,1,PayPal,Desktop,0.17,50588
CUST-1141,36,Male,51813,Dallas,Basic,2026-03-27,3.2,1355.1,5,271.02,1.56,79,Books,49,114,42,17,0.39,0.41,25,4,3.8,2,2,3,94,Medium,2855.44,275.53,27,4,0,0,Apple Pay,Mobile,0.22,13351
CUST-1142,46,Female,25177,Austin,Silver,2022-06-19,48.4,10511.44,68,154.58,1.4,302,Sports & Outdoors,49,397,13,9,0.44,0.74,2,2,1.7,1,0,13,93,High,22505.48,148.65,19,32,0,0,PayPal,Mobile,0.23,124537
CUST-1143,56,Male,106275,Austin,Platinum,2022-12-19,42.4,17663.31,53,333.27,1.25,294,Sports & Outdoors,24,0,21,16,0.26,0.18,2,4,3.7,1,0,11,100,High,34765.9,312.77,20,23,9,0,BNPL (Klarna/Afterpay),Mobile,0.25,352116
CUST-1144,70,Female,86351,Austin,Basic,2026-05-14,1.6,229.88,2,114.94,1.25,16,Books,41,124,3,21,0.76,0.32,25,5,4.9,1,0,2,100,Low,1737.54,135.5,19,1,1,0,PayPal,Mobile,0.02,2248
CUST-1145,24,Male,105292,Miami,Gold,2023-05-27,37.2,18882.96,76,248.46,2.04,108,Books,42,442,44,13,0.73,0.19,26,4,4.4,2,0,2,100,Medium,35017.25,285.42,9,42,2,0,Credit Card,Mobile,0.06,281144
CUST-1146,22,Female,58791,Houston,Basic,2024-12-19,18.4,2133.53,29,73.57,1.58,208,Beauty,22,0,44,3,0.5,0.5,19,1,1.2,0,1,11,72,High,4031.38,89.85,17,24,14,0,Credit Card,Mobile,0.13,20135
CUST-1147,26,Female,94785,Miami,Platinum,2021-12-11,54.6,18278.94,67,272.82,1.23,325,Apparel,21,407,42,11,0.82,0.06,27,4,3.7,0,0,2,100,High,40571.23,265.15,22,65,18,0,PayPal,Desktop,0.06,362328
CUST-1148,25,Male,71131,Miami,Gold,2023-03-28,39.1,8917.86,102,87.43,2.61,282,Beauty,43,148,43,2,0.29,0.19,18,4,3.9,0,0,3,100,High,17682.2,84.29,7,62,28,0,Apple Pay,Desktop,0.04,130667
CUST-1149,54,Male,51813,Philadelphia,Basic,2024-01-06,29.8,7435.08,38,195.66,1.28,114,Books,49,141,24,4,0.61,0.28,15,4,3.9,0,0,5,100,Medium,13551.03,216.83,18,8,8,0,Credit Card,Desktop,0.22,73950
CUST-1150,50,Female,71651,Denver,Silver,2023-02-26,40.1,19913.13,97,205.29,2.42,109,Electronics,37,276,31,20,0.68,0.31,7,5,5.0,3,0,2,100,Medium,38048.89,207.08,12,78,21,1,PayPal,Mobile,0.04,235057
CUST-1151,54,Female,66033,Chicago,Silver,2022-04-16,50.5,24165.57,143,168.99,2.83,21,Apparel,50,32,17,11,0.28,0.52,16,5,4.9,1,0,1,100,Low,51089.76,146.34,12,133,70,2,Apple Pay,Desktop,0.14,283336
CUST-1152,42,Female,29819,Philadelphia,Silver,2023-02-14,40.5,15354.56,104,147.64,2.57,265,Home & Kitchen,26,114,34,12,0.36,0.66,15,4,4.3,0,1,14,100,High,29809.97,135.27,9,46,38,1,Credit Card,Desktop,0.1,181954
CUST-1153,39,Female,76317,San Diego,Basic,2022-08-19,46.4,15702.7,47,334.1,1.01,83,Books,55,124,3,4,0.53,0.16,20,4,4.3,0,0,5,100,Medium,32381.98,353.03,39,46,42,2,Credit Card,Mobile,0.15,154727
CUST-1154,48,Female,98910,Chicago,Platinum,2025-03-09,15.7,8903.2,31,287.2,1.97,299,Apparel,41,135,11,23,0.61,0.7,19,4,3.8,0,0,6,100,High,13315.29,304.17,22,11,7,3,BNPL (Klarna/Afterpay),Mobile,0.2,177514
CUST-1155,50,Female,48533,Los Angeles,Silver,2023-09-18,33.4,16373.24,92,177.97,2.75,277,Electronics,59,347,42,13,0.49,0.31,1,4,3.9,4,0,12,94,High,29176.29,176.23,18,54,8,0,PayPal,Tablet,0.02,193778
CUST-1156,56,Female,99127,San Antonio,Silver,2024-12-21,18.3,23234.7,41,566.7,2.24,4,Sports & Outdoors,35,0,1,12,0.59,0.53,10,3,2.7,1,0,8,100,Low,33592.93,675.5,12,17,12,1,Debit Card,Desktop,0.14,277966
CUST-1157,29,Male,103617,Dallas,Silver,2023-09-15,33.5,6393.66,42,152.23,1.25,177,Books,27,437,43,3,0.66,0.36,22,5,4.7,1,1,1,100,High,12355.9,139.18,30,4,2,0,Credit Card,Desktop,0.18,76523
CUST-1158,43,Female,59079,Dallas,Silver,2024-10-23,20.2,9850.8,40,246.27,1.98,90,Books,33,103,43,25,0.49,0.19,25,4,4.0,0,0,1,100,Medium,15496.34,244.77,10,25,11,1,Debit Card,Desktop,0.13,116959
CUST-1159,65,Female,95109,Los Angeles,Silver,2023-05-03,37.9,19012.97,97,196.01,2.56,299,Home & Kitchen,24,141,15,19,0.82,0.37,12,4,3.8,1,0,2,100,High,35525.29,206.06,10,65,32,2,BNPL (Klarna/Afterpay),Mobile,0.11,224905
CUST-1160,42,Female,57469,Miami,Silver,2025-01-19,17.3,14384.0,50,287.68,2.89,235,Books,31,441,2,15,0.19,0.1,20,4,3.8,2,1,13,90,High,20918.23,354.47,11,16,7,0,Debit Card,Desktop,0.21,171808
CUST-1161,22,Female,26307,Chicago,Basic,2023-09-30,33.0,6704.46,34,197.19,1.03,294,Home & Kitchen,13,349,13,15,0.65,0.21,7,5,4.8,0,0,11,100,High,12813.78,179.92,34,0,0,2,Apple Pay,Desktop,0.12,67044
CUST-1162,54,Female,61984,San Diego,Platinum,2025-05-23,13.3,13122.79,37,354.67,2.78,144,Beauty,16,65,4,16,0.7,0.38,17,1,1.0,3,1,14,54,High,17568.9,440.0,14,0,0,1,Debit Card,Desktop,0.08,262455
CUST-1163,57,Female,66630,Chicago,Basic,2023-05-05,37.9,13231.68,44,300.72,1.16,314,Home & Kitchen,25,217,14,13,0.63,0.31,27,3,3.0,1,3,7,67,High,24684.19,353.55,36,35,27,2,PayPal,Mobile,0.24,130566
CUST-1164,27,Male,72275,New York,Basic,2025-06-05,12.8,824.2,10,82.42,0.78,323,Sports & Outdoors,36,402,32,9,0.29,0.65,1,3,3.2,0,1,7,99,High,2528.99,97.72,35,8,4,0,Debit Card,Mobile,0.22,7842
CUST-1165,56,Male,63777,San Jose,Silver,2022-10-10,44.7,7871.59,41,191.99,0.92,146,Home & Kitchen,22,249,29,2,0.39,0.25,20,5,5.0,1,2,13,100,High,16702.01,211.67,37,4,0,0,PayPal,Mobile,0.16,94259
CUST-1166,63,Male,73868,Austin,Basic,2024-03-14,27.6,4668.84,44,106.11,1.59,186,Books,39,230,27,5,0.24,0.07,23,3,2.8,2,1,6,77,High,8508.42,97.28,26,1,1,0,Credit Card,Mobile,0.15,46638
CUST-1167,23,Female,79732,San Antonio,Basic,2024-09-06,21.8,6340.32,51,124.32,2.34,227,Books,10,0,11,0,0.13,0.3,29,3,3.0,5,0,8,77,High,10374.88,132.95,14,29,20,1,BNPL (Klarna/Afterpay),Mobile,0.16,61953
CUST-1168,52,Male,75728,Philadelphia,Silver,2023-09-19,33.4,17020.81,83,205.07,2.49,227,Home & Kitchen,25,79,20,0,0.1,0.62,27,2,1.8,1,0,15,91,High,30229.46,251.99,12,55,51,0,PayPal,Desktop,0.14,201499
CUST-1169,30,Male,86013,Dallas,Basic,2023-12-19,30.4,4949.91,27,183.33,0.89,331,Beauty,55,134,6,13,0.57,0.41,25,5,5.0,2,0,8,100,High,9584.85,186.11,37,9,1,1,BNPL (Klarna/Afterpay),Mobile,0.18,49049
CUST-1170,49,Male,54535,New York,Basic,2025-07-25,11.2,2758.2,20,137.91,1.79,96,Electronics,20,366,29,23,0.11,0.11,0,4,3.9,0,1,11,100,Medium,4901.78,142.8,20,4,0,0,Debit Card,Mobile,0.12,27382
CUST-1171,30,Female,47556,Phoenix,Basic,2021-11-01,55.9,2291.29,29,79.01,0.52,128,Beauty,51,126,3,6,0.45,0.59,16,4,3.8,0,2,10,99,High,6444.69,72.17,65,17,16,0,Debit Card,Desktop,0.05,22062
CUST-1172,21,Female,60786,Houston,Basic,2025-10-13,8.6,5405.53,13,415.81,1.51,8,Apparel,52,61,26,25,0.28,0.73,18,4,4.0,1,0,1,100,Low,7874.02,394.81,20,5,5,0,Apple Pay,Desktop,0.18,53805
CUST-1173,68,Male,65775,San Diego,Basic,2025-02-10,16.6,7627.55,31,246.05,1.87,331,Home & Kitchen,53,375,13,0,0.62,0.3,4,3,2.6,2,0,15,92,High,11645.41,227.82,12,29,8,2,BNPL (Klarna/Afterpay),Tablet,0.14,74825
CUST-1174,22,Female,91501,San Diego,Platinum,2024-10-04,20.9,8497.94,38,223.63,1.82,233,Electronics,51,194,12,0,0.56,0.3,19,3,3.2,2,0,12,92,High,13578.08,207.07,23,9,9,0,Debit Card,Desktop,0.03,169508
CUST-1175,51,Female,60138,New York,Gold,2021-09-25,57.2,7027.56,54,130.14,0.94,17,Apparel,8,50,3,18,0.58,0.32,15,4,4.2,0,0,2,100,Low,16902.07,111.3,31,23,17,1,Debit Card,Desktop,0.2,104263
CUST-1176,21,Female,77749,Phoenix,Basic,2023-06-14,36.6,4515.36,24,188.14,0.66,156,Electronics,15,49,7,23,0.27,0.32,6,4,3.8,1,0,13,100,High,9458.32,216.07,51,21,14,1,Debit Card,Desktop,0.04,44103
CUST-1177,29,Female,24000,Dallas,Silver,2024-07-10,23.7,4141.76,43,96.32,1.81,308,Beauty,24,281,21,11,0.41,0.49,26,4,4.1,1,0,8,100,High,7686.75,95.74,6,0,0,5,BNPL (Klarna/Afterpay),Mobile,0.03,49701
CUST-1178,37,Male,24000,Houston,Gold,2025-03-19,15.4,1349.92,8,168.74,0.52,354,Home & Kitchen,60,284,37,18,0.22,0.08,11,2,1.8,3,0,4,70,High,2833.02,198.17,52,3,0,1,Debit Card,Mobile,0.21,20098
CUST-1179,62,Female,71847,Denver,Silver,2025-11-18,7.4,1133.46,9,125.94,1.22,188,Sports & Outdoors,26,0,4,24,0.35,0.67,13,3,3.3,3,0,9,94,High,2718.2,153.83,28,0,0,0,Apple Pay,Mobile,0.04,13601
CUST-1180,50,Female,66748,Chicago,Silver,2026-02-18,4.4,1090.57,13,83.89,2.95,115,Sports & Outdoors,38,113,28,9,0.69,0.15,10,2,2.1,0,0,1,87,Medium,2495.54,84.68,8,12,2,0,PayPal,Mobile,0.16,12486
CUST-1181,30,Female,69476,Seattle,Basic,2023-06-24,36.2,4427.52,24,184.48,0.66,221,Home & Kitchen,45,45,8,21,0.41,0.31,6,3,3.1,0,0,11,100,High,9266.61,202.28,53,4,3,0,PayPal,Mobile,0.09,44075
CUST-1182,66,Female,63948,Los Angeles,Silver,2025-10-14,8.5,1266.03,9,140.67,1.06,76,Home & Kitchen,2,411,8,9,0.44,0.07,6,4,3.8,1,1,8,100,Medium,2990.22,146.75,31,0,0,0,BNPL (Klarna/Afterpay),Mobile,0.04,15192
CUST-1183,36,Male,41205,Seattle,Basic,2022-12-14,42.5,12170.9,70,173.87,1.65,5,Electronics,26,339,43,11,0.75,0.06,27,5,4.9,5,0,3,100,Low,24447.22,210.65,18,11,2,0,Debit Card,Desktop,0.18,121159
CUST-1184,20,Male,85032,Dallas,Basic,2024-09-15,21.5,6967.87,31,224.77,1.44,81,Electronics,24,181,41,9,0.28,0.73,16,3,2.6,0,0,0,100,Medium,11588.9,275.94,26,21,12,1,Credit Card,Desktop,0.13,68628
CUST-1185,61,Female,97558,Austin,Silver,2022-07-27,47.1,31885.71,51,625.21,1.08,79,Beauty,21,168,29,17,0.2,0.51,18,4,4.2,3,0,4,100,Medium,64673.56,638.98,31,10,5,0,BNPL (Klarna/Afterpay),Tablet,0.03,382128
CUST-1186,38,Female,87319,Chicago,Basic,2022-05-04,49.9,8691.2,64,135.8,1.28,212,Beauty,21,420,41,23,0.31,0.6,3,2,1.6,6,0,7,66,High,18716.43,147.82,23,23,12,0,PayPal,Mobile,0.06,85762
CUST-1187,44,Female,60812,New York,Platinum,2024-11-26,19.1,6747.6,20,337.38,1.05,344,Apparel,50,90,29,19,0.47,0.28,14,5,4.9,2,0,12,100,High,10932.58,383.97,14,18,17,0,Credit Card,Mobile,0.11,134052
CUST-1188,70,Female,36187,Houston,Silver,2023-07-05,35.9,7648.96,106,72.16,2.95,21,Sports & Outdoors,26,322,4,6,0.32,0.33,9,4,3.8,0,0,1,100,Low,14869.74,81.25,17,82,57,0,BNPL (Klarna/Afterpay),Mobile,0.19,87687
CUST-1189,62,Female,77385,San Antonio,Basic,2024-02-06,28.8,2744.32,16,171.52,0.56,233,Sports & Outdoors,59,103,30,2,0.29,0.53,29,4,3.7,2,0,14,100,High,5890.91,189.29,55,12,0,1,Apple Pay,Desktop,0.16,26843
CUST-1190,27,Male,51228,Chicago,Silver,2025-05-31,13.0,1038.24,8,129.78,0.62,158,Home & Kitchen,48,228,19,20,0.24,0.68,30,3,3.1,0,0,7,100,High,2819.43,138.53,43,7,7,0,Credit Card,Desktop,0.0,12108
CUST-1191,53,Male,45992,Austin,Gold,2023-04-17,38.5,8690.76,39,222.84,1.01,95,Apparel,5,18,10,1,0.6,0.64,9,3,2.7,0,3,5,80,Medium,16861.47,249.32,33,38,36,1,PayPal,Tablet,0.19,128461
CUST-1192,41,Female,73585,Los Angeles,Basic,2022-02-09,52.7,14780.76,74,199.74,1.4,195,Electronics,50,281,5,9,0.45,0.14,27,3,3.0,1,0,1,93,High,32403.8,178.51,27,11,7,1,BNPL (Klarna/Afterpay),Tablet,0.25,147257
CUST-1193,36,Male,52311,Denver,Basic,2024-08-22,22.3,10457.17,43,243.19,1.93,320,Home & Kitchen,10,254,34,23,0.57,0.39,5,5,4.8,0,0,3,100,High,16815.4,209.04,17,13,12,1,Debit Card,Mobile,0.08,103921
CUST-1194,53,Female,76622,Houston,Silver,2026-05-09,1.7,700.8,3,233.6,1.76,17,Electronics,21,281,21,24,0.1,0.53,10,3,3.1,5,1,1,100,Low,2225.62,229.44,13,3,0,1,Debit Card,Mobile,0.12,8259
CUST-1195,52,Female,28273,San Diego,Gold,2022-01-08,53.7,26399.33,151,174.83,2.81,29,Sports & Outdoors,21,347,21,17,0.5,0.2,21,3,3.3,2,0,4,100,Low,57433.58,168.22,18,146,99,0,Credit Card,Desktop,0.19,388689
CUST-1196,63,Female,52579,Seattle,Basic,2026-03-29,3.1,211.6,2,105.8,0.65,31,Home & Kitchen,30,154,14,16,0.33,0.13,25,1,1.0,0,0,1,100,Low,1725.27,128.23,42,1,1,1,PayPal,Desktop,0.02,2066
CUST-1197,51,Female,29194,Chicago,Silver,2025-04-07,14.8,3404.64,24,141.86,1.62,268,Electronics,2,22,44,19,0.75,0.28,28,1,1.0,2,0,9,67,High,5459.4,156.83,15,9,4,0,Debit Card,Desktop,0.07,40405
CUST-1198,28,Male,31465,New York,Silver,2022-12-04,42.9,6449.6,32,201.55,0.75,278,Home & Kitchen,37,72,19,18,0.28,0.1,19,5,5.0,0,0,1,100,High,13713.93,179.86,33,11,11,0,BNPL (Klarna/Afterpay),Desktop,0.17,76845
CUST-1199,46,Female,63546,Phoenix,Gold,2024-07-21,23.3,5475.96,53,103.32,2.27,344,Sports & Outdoors,7,386,30,18,0.2,0.62,29,4,3.7,0,0,14,100,High,9634.08,107.27,18,23,12,0,Apple Pay,Desktop,0.22,80989
CUST-1200,47,Female,61731,Los Angeles,Basic,2023-10-02,33.0,8571.2,55,155.84,1.67,88,Home & Kitchen,51,294,9,16,0.18,0.62,25,2,2.0,0,0,14,100,Medium,15963.9,157.45,16,35,10,4,Debit Card,Mobile,0.05,83962
CUST-1201,62,Female,87138,Miami,Silver,2023-12-23,30.3,7094.64,41,173.04,1.35,356,Apparel,13,39,37,15,0.19,0.47,10,4,4.3,0,2,2,97,High,13028.13,188.49,26,24,10,0,Credit Card,Mobile,0.2,83935
CUST-1202,55,Female,89339,Austin,Basic,2021-11-16,55.5,15626.88,48,325.56,0.86,77,Beauty,36,315,37,14,0.25,0.53,10,3,3.2,2,2,13,85,Medium,34970.46,370.2,37,32,25,2,Apple Pay,Mobile,0.23,154668
CUST-1203,21,Male,24000,Dallas,Platinum,2021-10-25,56.2,3790.45,43,88.15,0.77,145,Electronics,17,302,26,20,0.34,0.32,12,3,2.8,0,0,12,100,High,9728.44,104.66,37,18,4,0,Credit Card,Desktop,0.04,74909
CUST-1204,49,Female,68734,Chicago,Basic,2025-12-10,6.7,3338.4,16,208.65,2.39,117,Books,40,319,12,14,0.48,0.44,14,3,2.8,1,0,15,99,Medium,5289.39,248.03,8,13,8,0,Credit Card,Tablet,0.14,32734
CUST-1205,63,Male,66904,San Jose,Platinum,2023-09-19,33.4,4220.96,23,183.52,0.69,270,Home & Kitchen,31,267,40,2,0.28,0.49,21,5,4.7,1,1,9,100,High,8658.04,200.99,51,0,0,0,Debit Card,Desktop,0.08,84419
CUST-1206,40,Non-Binary,62363,Miami,Basic,2024-10-06,20.8,2406.48,12,200.54,0.58,306,Books,21,288,17,1,0.57,0.45,18,1,1.4,3,0,4,66,High,4439.29,209.34,55,9,4,0,Apple Pay,Mobile,0.03,23614
CUST-1207,29,Female,54272,Seattle,Silver,2025-07-27,11.1,2167.35,15,144.49,1.35,90,Home & Kitchen,52,248,12,25,0.5,0.07,2,5,5.0,3,1,13,100,Medium,4168.55,167.34,18,5,1,0,Apple Pay,Mobile,0.07,25758
CUST-1208,70,Male,76956,Chicago,Basic,2023-10-25,32.2,13290.8,40,332.27,1.24,273,Apparel,26,199,31,8,0.21,0.66,0,3,3.2,0,0,1,100,High,23706.71,295.37,25,27,19,3,Apple Pay,Mobile,0.07,131558
CUST-1209,24,Male,84164,San Jose,Basic,2024-03-22,27.3,11332.72,59,192.08,2.16,124,Books,45,99,34,10,0.61,0.75,10,4,4.1,3,0,3,100,High,19278.2,203.63,16,46,18,0,Credit Card,Mobile,0.02,111027
CUST-1210,56,Female,59497,Denver,Platinum,2025-03-14,15.6,10298.24,32,321.82,2.05,363,Electronics,7,66,25,21,0.67,0.5,25,5,5.0,2,0,14,100,High,15145.17,358.57,8,17,13,1,Apple Pay,Mobile,0.2,205114
CUST-1211,35,Female,24000,San Antonio,Basic,2024-03-28,27.1,1879.18,17,110.54,0.63,136,Apparel,30,0,13,19,0.39,0.5,3,2,2.2,0,0,14,94,High,4350.13,125.59,48,14,0,2,PayPal,Desktop,0.0,18091
CUST-1212,20,Female,30234,Phoenix,Silver,2025-07-26,11.2,4242.3,30,141.41,2.68,295,Electronics,34,394,32,15,0.43,0.64,24,5,4.7,0,0,15,100,High,6732.17,127.05,9,1,0,0,Apple Pay,Mobile,0.11,50857
CUST-1213,67,Male,83246,Houston,Silver,2025-06-05,12.8,2357.64,37,63.72,2.89,339,Apparel,21,54,41,22,0.37,0.11,20,3,2.8,0,0,7,98,High,4456.34,66.63,2,19,15,0,Debit Card,Tablet,0.0,27341
CUST-1214,39,Male,45534,Miami,Basic,2022-05-17,49.5,7291.05,39,186.95,0.79,335,Books,35,347,35,4,0.66,0.21,2,1,1.0,2,0,1,66,High,15799.95,177.06,50,6,3,1,BNPL (Klarna/Afterpay),Mobile,0.2,72610
CUST-1215,25,Female,32471,Miami,Basic,2022-12-19,42.4,24828.38,106,234.23,2.5,219,Home & Kitchen,53,377,44,12,0.34,0.73,18,4,3.9,5,0,1,97,High,48215.12,254.66,10,18,13,0,Apple Pay,Desktop,0.11,247383
CUST-1216,55,Male,76206,Los Angeles,Gold,2021-12-24,54.2,39519.7,110,359.27,2.03,81,Electronics,58,3,1,5,0.79,0.54,18,5,4.9,3,1,4,100,Medium,85644.03,335.01,17,52,15,3,BNPL (Klarna/Afterpay),Desktop,0.15,590195
CUST-1217,63,Female,69001,Los Angeles,Gold,2022-11-25,43.2,12129.48,54,224.62,1.25,215,Electronics,37,60,34,3,0.56,0.65,17,4,4.0,1,0,1,100,High,24546.01,208.33,32,30,15,0,Credit Card,Mobile,0.09,180442
CUST-1218,31,Male,40989,Philadelphia,Gold,2022-12-16,42.5,10590.86,101,104.86,2.38,23,Electronics,49,0,35,5,0.22,0.07,16,2,2.3,2,0,10,100,Low,21468.18,106.71,10,29,3,0,Debit Card,Desktop,0.09,157412
CUST-1219,32,Male,66574,San Jose,Basic,2023-09-13,33.6,8293.97,53,156.49,1.58,111,Sports & Outdoors,31,191,9,14,0.64,0.49,8,3,2.7,2,0,4,95,Medium,15524.75,139.97,18,48,21,0,Apple Pay,Desktop,0.2,80539
CUST-1220,58,Female,57354,Chicago,Platinum,2023-03-06,39.8,27243.84,104,261.96,2.61,45,Beauty,56,441,14,18,0.46,0.37,0,4,4.2,0,0,7,100,Low,51333.52,316.11,12,73,0,0,Credit Card,Mobile,0.12,541226
CUST-1221,67,Female,59062,San Antonio,Basic,2023-06-10,36.7,10426.36,92,113.33,2.51,357,Electronics,30,42,36,24,0.11,0.56,30,3,2.9,0,3,0,77,High,19553.18,118.08,6,73,3,4,Debit Card,Desktop,0.22,100613
CUST-1222,43,Male,55597,Denver,Silver,2024-05-04,25.9,7982.54,58,137.63,2.24,1,Books,6,353,22,16,0.12,0.35,8,4,4.1,1,0,2,100,Low,13789.79,151.14,15,23,1,0,Apple Pay,Mobile,0.01,94640
CUST-1223,41,Male,84131,Dallas,Basic,2022-06-19,48.4,43601.8,110,396.38,2.27,105,Apparel,23,58,42,15,0.65,0.58,27,5,4.8,2,0,11,100,Medium,89066.95,479.29,13,6,0,0,Debit Card,Mobile,0.13,435718
CUST-1224,25,Male,29091,Dallas,Gold,2022-08-12,46.6,20147.2,128,157.4,2.75,232,Sports & Outdoors,25,354,5,6,0.77,0.37,2,3,2.7,5,0,5,78,High,40876.77,151.16,14,52,33,4,Credit Card,Mobile,0.24,299608
CUST-1225,52,Female,25868,San Diego,Basic,2024-06-21,24.3,13947.92,56,249.07,2.3,11,Home & Kitchen,14,0,15,16,0.58,0.34,10,4,4.2,1,0,14,100,Low,22509.05,257.34,19,19,5,1,PayPal,Mobile,0.24,138529
CUST-1226,67,Female,68971,Chicago,Basic,2024-06-08,24.7,39752.19,71,559.89,2.87,317,Apparel,47,93,12,22,0.62,0.52,4,2,1.7,6,0,14,64,High,61168.0,534.23,4,4,2,4,PayPal,Mobile,0.13,397321
CUST-1227,28,Female,67406,Los Angeles,Basic,2026-04-11,2.7,1090.04,4,272.51,1.48,19,Beauty,22,378,35,16,0.35,0.54,15,5,5.0,2,3,1,100,Low,2651.35,318.79,19,3,0,0,BNPL (Klarna/Afterpay),Mobile,0.01,10750
CUST-1228,57,Female,69770,San Diego,Basic,2024-05-31,25.0,3690.9,15,246.06,0.6,329,Apparel,39,400,18,6,0.12,0.43,14,4,4.4,5,0,15,91,High,6978.24,240.43,66,11,6,0,Debit Card,Mobile,0.09,36359
CUST-1229,36,Male,106404,Phoenix,Platinum,2023-12-02,30.9,10028.7,22,455.85,0.71,228,Books,28,147,11,25,0.65,0.68,23,5,4.7,1,0,6,100,High,17984.68,442.76,43,0,0,1,Apple Pay,Mobile,0.14,200574
CUST-1230,63,Female,69045,Chicago,Basic,2025-04-19,14.4,4203.6,20,210.18,1.39,284,Beauty,4,154,38,9,0.47,0.57,7,1,1.0,0,2,15,63,High,6409.68,189.09,24,5,3,3,PayPal,Mobile,0.19,41786
CUST-1231,49,Non-Binary,43228,Los Angeles,Silver,2023-01-22,41.3,12112.8,80,151.41,1.94,290,Beauty,57,351,31,22,0.71,0.31,23,4,4.3,0,0,10,100,High,24034.85,156.62,18,6,2,0,Apple Pay,Mobile,0.07,145053
CUST-1232,58,Female,120851,Dallas,Platinum,2025-05-01,14.0,4617.86,13,355.22,0.93,49,Sports & Outdoors,50,165,21,21,0.7,0.24,22,4,3.7,1,1,0,100,Low,7464.74,321.4,24,6,2,3,PayPal,Mobile,0.04,92057
CUST-1233,32,Female,61523,Miami,Silver,2023-04-14,38.6,15254.91,99,154.09,2.56,270,Sports & Outdoors,47,387,8,13,0.45,0.1,26,2,1.6,0,0,4,86,High,28812.4,181.34,20,97,43,0,Apple Pay,Mobile,0.2,178208
CUST-1234,32,Male,83749,Seattle,Silver,2025-08-14,10.5,768.82,13,59.14,1.24,108,Apparel,7,390,8,2,0.11,0.39,13,1,1.0,2,0,0,69,Medium,1972.0,61.37,26,3,1,1,Credit Card,Mobile,0.21,9075
CUST-1235,35,Female,36620,Philadelphia,Basic,2024-06-10,24.7,3311.0,43,77.0,1.74,314,Apparel,34,50,38,24,0.11,0.2,6,5,4.7,2,0,3,100,High,6514.79,93.92,17,11,7,1,Credit Card,Mobile,0.09,32560
CUST-1236,42,Male,31939,Dallas,Basic,2025-02-20,16.3,4931.16,39,126.44,2.39,161,Electronics,31,0,9,15,0.67,0.54,17,4,3.7,1,0,14,100,High,8105.7,137.84,11,18,13,0,Credit Card,Desktop,0.2,48411
CUST-1237,61,Male,59593,New York,Basic,2022-08-21,46.3,5723.2,35,163.52,0.76,225,Sports & Outdoors,44,61,10,12,0.4,0.46,3,4,4.3,0,0,6,100,High,12743.7,161.14,42,17,12,0,BNPL (Klarna/Afterpay),Tablet,0.25,56382
CUST-1238,50,Male,82697,Miami,Basic,2023-11-13,31.6,7217.35,35,206.21,1.11,255,Apparel,42,15,7,23,0.14,0.1,21,1,1.0,1,0,9,69,High,13003.77,226.58,36,29,6,0,Debit Card,Mobile,0.07,70723
CUST-1239,39,Female,105677,Dallas,Basic,2023-05-09,37.7,37515.6,90,416.84,2.39,221,Electronics,26,436,25,14,0.44,0.07,17,4,4.2,3,0,13,94,High,68390.98,376.74,16,14,9,1,BNPL (Klarna/Afterpay),Desktop,0.14,374456
CUST-1240,48,Female,42621,Chicago,Basic,2023-07-30,35.1,8037.6,40,200.94,1.14,303,Beauty,41,392,19,10,0.15,0.46,4,5,4.9,2,0,10,100,High,15415.1,201.39,26,15,7,0,Apple Pay,Desktop,0.23,79626
CUST-1241,22,Female,59084,Los Angeles,Basic,2024-07-10,23.7,4542.52,43,105.64,1.81,20,Beauty,44,290,33,13,0.3,0.54,18,1,1.0,1,0,3,100,Low,8285.39,123.95,6,21,15,0,Apple Pay,Mobile,0.07,44375
CUST-1242,45,Male,65015,Austin,Platinum,2021-08-31,58.0,8153.34,39,209.06,0.67,275,Apparel,20,152,37,12,0.7,0.49,30,2,2.3,0,0,2,93,High,19400.29,225.07,45,22,2,1,Apple Pay,Mobile,0.07,161966
CUST-1243,60,Female,65306,Houston,Basic,2024-02-04,28.8,11372.25,59,192.75,2.05,233,Books,50,9,41,22,0.49,0.18,15,3,3.4,2,0,13,89,High,19530.6,235.9,17,12,5,0,PayPal,Mobile,0.17,113122
CUST-1244,37,Female,62473,San Antonio,Gold,2024-08-18,22.4,12680.24,62,204.52,2.77,325,Apparel,56,421,19,20,0.22,0.53,7,3,2.7,0,0,9,100,High,20097.69,211.81,12,41,2,0,Apple Pay,Mobile,0.06,188153
CUST-1245,69,Male,64279,Dallas,Silver,2025-06-06,12.8,1040.62,7,148.66,0.55,249,Electronics,5,42,21,19,0.32,0.09,30,3,2.9,2,0,2,87,High,2623.12,140.4,56,1,1,0,Credit Card,Mobile,0.03,12437
CUST-1246,69,Male,95548,Denver,Platinum,2023-02-21,40.3,5010.61,101,49.61,2.51,121,Beauty,15,0,12,6,0.83,0.36,8,5,4.6,1,0,3,100,High,10717.43,48.45,10,35,9,0,Apple Pay,Desktop,0.01,98462
CUST-1247,56,Male,92413,Seattle,Platinum,2022-09-14,45.5,2087.96,28,74.57,0.62,344,Apparel,18,158,41,22,0.37,0.62,3,4,3.8,1,0,12,100,High,5567.17,91.05,54,26,24,0,PayPal,Desktop,0.04,40459
CUST-1248,46,Female,71376,Miami,Silver,2022-02-12,52.6,23554.7,130,181.19,2.47,141,Electronics,54,251,31,23,0.41,0.64,22,3,3.3,0,0,8,100,High,50866.73,190.71,9,83,58,1,Credit Card,Desktop,0.05,278506
CUST-1249,46,Female,34034,Chicago,Basic,2026-05-26,1.2,199.36,2,99.68,1.67,21,Sports & Outdoors,7,0,16,16,0.64,0.59,20,4,4.3,2,1,1,100,Low,1704.34,102.73,22,0,0,1,PayPal,Mobile,0.09,1993
CUST-1250,43,Female,57038,Denver,Basic,2023-03-21,39.4,19917.38,113,176.26,2.87,286,Books,41,45,30,6,0.3,0.65,1,3,2.9,0,0,11,100,High,37766.23,161.82,11,67,55,1,Debit Card,Desktop,0.12,195823
